--
-- PostgreSQL database dump
--

\restrict Aix0nQAAjmrmKdDeR0rRB5UGIhgoIV3NgVPEVdcAMcZ5jEeRIvtCHEog4sEENmZ

-- Dumped from database version 16.11 (b740647)
-- Dumped by pg_dump version 16.10

SET statement_timeout = 0;
SET lock_timeout = 0;
SET idle_in_transaction_session_timeout = 0;
SET client_encoding = 'UTF8';
SET standard_conforming_strings = on;
SELECT pg_catalog.set_config('search_path', '', false);
SET check_function_bodies = false;
SET xmloption = content;
SET client_min_messages = warning;
SET row_security = off;

--
-- Data for Name: users; Type: TABLE DATA; Schema: public; Owner: -
--

SET SESSION AUTHORIZATION DEFAULT;

ALTER TABLE public.users DISABLE TRIGGER ALL;

COPY public.users (id, email, first_name, last_name, profile_image_url, stripe_customer_id, stripe_subscription_id, created_at, updated_at, password) FROM stdin;
P9E6xY	adminZFtZtR@test.com	Admin	Test	\N	\N	\N	2025-10-09 03:47:14.874515	2025-10-09 03:47:14.874515	\N
3yBpa7	agencyQ6oLlA@test.com	Agency	Owner	\N	\N	\N	2025-10-09 03:52:43.878634	2025-10-09 03:52:43.878634	\N
s3BPmP	agencyoftv_6@test.com	Agency	Owner	\N	\N	\N	2025-10-09 03:56:00.733191	2025-10-09 03:56:00.733191	\N
CFnXr1	agencyb89zRv@test.com	Agency	Owner	\N	\N	\N	2025-10-09 03:59:28.010754	2025-10-09 03:59:28.010754	\N
1XOugd	testrMeavE@example.com	Test	User	\N	\N	\N	2025-10-09 04:05:30.493043	2025-10-09 04:05:30.493043	\N
14238198	juanroccia@gmail.com	JUΛN	ROCCIΛ	https://storage.googleapis.com/replit/images/1689857525651_8a09990a41c805ba0e8b13f13e5df754.png	\N	\N	2025-09-30 00:23:31.255708	2025-10-25 22:47:28.698	\N
01JzXq	01JzXq@example.com	John	Doe	\N	\N	\N	2025-10-27 04:05:30.038265	2025-10-27 04:05:30.038265	\N
47c21c42-e30e-4d42-91b8-363ce65d3bdd	test@agency.com	Test	Agent	https://api.dicebear.com/7.x/avataaars/svg?seed=test	\N	\N	2025-12-04 15:47:08.752412	2025-12-07 17:35:56.327	\N
test-admin-user	test@inmogestion.com	Admin	Test	\N	\N	\N	2025-11-06 00:30:03.354626	2025-12-10 05:21:47.47	\N
\.


ALTER TABLE public.users ENABLE TRIGGER ALL;

--
-- Data for Name: agencies; Type: TABLE DATA; Schema: public; Owner: -
--

ALTER TABLE public.agencies DISABLE TRIGGER ALL;

COPY public.agencies (id, name, email, phone, address, website, description, logo, is_active, subscription_plan, subscription_status, owner_id, created_at, updated_at, type) FROM stdin;
67fde727-2083-42ca-bde5-47c19c4df98b	Test Agency xmZ	testrMeavE@example.com	5551234567	123 Test St	\N	Test	\N	t	basic	active	1XOugd	2025-10-09 04:06:30.453172	2025-10-09 04:06:30.453172	inmobiliaria
e939cf9b-1768-4633-8603-f7e3e85a58c6							\N	t	basic	active	14238198	2025-10-29 12:52:51.885358	2025-10-29 12:52:51.885358	inmobiliaria
536947b9-b9cd-4cf6-a495-48c375e5bc39	Inmobiliaria Demo	contacto@inmobiliariademo.com	+54 291 1234567	Av. Alem 123, Bahía Blanca	\N	Agencia inmobiliaria de prueba con las mejores propiedades de la ciudad.	\N	t	professional	active	47c21c42-e30e-4d42-91b8-363ce65d3bdd	2025-12-04 15:47:08.828005	2025-12-07 17:35:56.448	inmobiliaria
31b880a5-6481-43b9-9db1-914cd5031f44	Inmobiliaria de Prueba	juanroccia@gmail.com	02914054585	Castro Barros 526		asdasd	\N	f	basic	pending	test-admin-user	2025-12-08 12:31:31.232255	2025-12-08 12:31:31.232255	inmobiliaria
aaa6d892-5395-4d6d-810d-454e5d823c8c	Constructora Demo	contacto@constructorademo.com	2914567890	Calle Test 123	\N	Constructora especializada en desarrollos inmobiliarios de alta calidad.	\N	t	basic	active	CFnXr1	2025-10-09 04:00:34.444855	2025-10-09 04:00:34.444855	constructora
\.


ALTER TABLE public.agencies ENABLE TRIGGER ALL;

--
-- Data for Name: banners; Type: TABLE DATA; Schema: public; Owner: -
--

ALTER TABLE public.banners DISABLE TRIGGER ALL;

COPY public.banners (id, title, image_url, link_url, size, "position", is_active, agency_id, start_date, end_date, created_at) FROM stdin;
\.


ALTER TABLE public.banners ENABLE TRIGGER ALL;

--
-- Data for Name: locations; Type: TABLE DATA; Schema: public; Owner: -
--

ALTER TABLE public.locations DISABLE TRIGGER ALL;

COPY public.locations (id, name, slug, province, country, latitude, longitude, image_url, created_at) FROM stdin;
65952535-0436-49b2-b1ca-eb0ce267037f	Adolfo González Chávez	adolfo-gonzalez-chavez	Buenos Aires	Argentina	\N	\N	\N	2025-10-27 00:48:56.303729
9b1771f2-7be1-4f4b-813e-9887f6348ae4	Carmen de Patagones	carmen-de-patagones	Buenos Aires	Argentina	\N	\N	\N	2025-10-27 00:48:56.303729
8eb49e4a-c54a-4a1a-a02a-ecca5d4de3f3	Coronel Dorrego	coronel-dorrego	Buenos Aires	Argentina	\N	\N	\N	2025-10-27 00:48:56.303729
e9205b2b-39b9-4e20-ab18-78ce116e2759	Coronel Pringles	coronel-pringles	Buenos Aires	Argentina	\N	\N	\N	2025-10-27 00:48:56.303729
465c7e1b-b314-46ef-893d-dfbbb9e95d91	Coronel Rosales	coronel-rosales	Buenos Aires	Argentina	\N	\N	\N	2025-10-27 00:48:56.303729
3c9f1145-9173-4986-ae1a-fbcea336150a	Coronel Suárez	coronel-suarez	Buenos Aires	Argentina	\N	\N	\N	2025-10-27 00:48:56.303729
3595d4be-c5fc-4566-9ae9-6639e184f8cd	Pigüé	pigue	Buenos Aires	Argentina	\N	\N	\N	2025-10-27 00:48:56.303729
ff3beb15-1f1e-4aea-9c51-ddd422f8803d	Puan	puan	Buenos Aires	Argentina	\N	\N	\N	2025-10-27 00:48:56.303729
854beaad-cf3f-4479-95c8-83c8890daff0	Tornquist	torquinst	Buenos Aires	Argentina	\N	\N	\N	2025-10-27 00:48:56.303729
7e693c1e-f141-4922-bb79-a799f0cbbb2f	Tres Arroyos	tres-arroyos	Buenos Aires	Argentina	\N	\N	\N	2025-10-27 00:48:56.303729
352af1ba-d02a-4bcc-b159-646df943beec	Villarino	villarino	Buenos Aires	Argentina	\N	\N	\N	2025-10-27 00:48:56.303729
9e44e8e9-929e-433b-b5e4-26190fc142eb	Bahía Blanca	bahia-blanca	Buenos Aires	Argentina	-38.7183000	-62.2663000	\N	2025-10-27 00:48:56.303729
554ae0e3-dbbf-4eeb-a80e-471f979af407	Monte Hermoso	monte-hermoso	Buenos Aires	Argentina	-38.9833000	-61.2833000	\N	2025-10-27 00:48:56.303729
4fd0fe52-0c8f-46a1-89f9-e751dc0e19d0	Punta Alta	punta-alta	Buenos Aires	Argentina	-38.8779000	-62.0712000	\N	2025-12-04 15:47:08.93806
9bbfdd5f-a71c-4931-826f-32d491ef37c4	Pehuen Co	pehuen-co	Buenos Aires	Argentina	-38.9967000	-61.5433000	\N	2025-10-27 00:48:56.303729
\.


ALTER TABLE public.locations ENABLE TRIGGER ALL;

--
-- Data for Name: property_categories; Type: TABLE DATA; Schema: public; Owner: -
--

ALTER TABLE public.property_categories DISABLE TRIGGER ALL;

COPY public.property_categories (id, name, slug, description, created_at) FROM stdin;
8ecd2363-e0da-4c57-8aad-2cce1a1ec27a	Casa	casa	Casas familiares	2025-09-29 22:27:03.530542
dac32135-c36c-4037-985a-efce15e0e7eb	Departamento	departamento	Departamentos y apartamentos	2025-09-29 22:27:03.560232
b3a7d7ed-c4d3-43a2-9e13-a040f55efce2	Terreno	terreno	Terrenos y lotes	2025-09-29 22:27:03.584226
ab91d547-a7a3-4a1c-9bd4-5166ce1a6bc6	Local Comercial	local-comercial	Locales para negocios	2025-09-29 22:27:03.60691
817d49b2-bbbd-41a3-9799-c42002e717d4	Oficina	oficina	Oficinas comerciales	2025-09-29 22:27:03.62989
83006202-b65f-44e2-a8fc-645eb08b27d4	Country/Barrio Cerrado	country	Countries y barrios privados	2025-09-29 22:27:03.654682
a5963624-27cc-4779-8eb8-a16a1e787b95	Campo/Chacra	campo	Campos y chacras	2025-09-29 22:27:03.679759
\.


ALTER TABLE public.property_categories ENABLE TRIGGER ALL;

--
-- Data for Name: properties; Type: TABLE DATA; Schema: public; Owner: -
--

ALTER TABLE public.properties DISABLE TRIGGER ALL;

COPY public.properties (id, title, description, price, currency, area, bedrooms, bathrooms, garages, address, latitude, longitude, images, operation_type, is_featured, is_active, agency_id, location_id, category_id, created_at, updated_at, code, is_credit_suitable, development_status) FROM stdin;
64d3a89d-d807-4ef6-87ac-469ea7205b64	Oficina Premium Centro	Oficina de categoría en edificio corporativo. Seguridad 24hs, vistas panorámicas.	800.00	USD	80	0	1	1	Alsina 50	-38.7180000	-62.2650000	{https://images.unsplash.com/photo-1497366216548-37526070297c?ixlib=rb-4.0.3&auto=format&fit=crop&w=800&q=80}	alquiler	t	t	536947b9-b9cd-4cf6-a495-48c375e5bc39	9e44e8e9-929e-433b-b5e4-26190fc142eb	dac32135-c36c-4037-985a-efce15e0e7eb	2025-12-07 17:35:56.715814	2025-12-07 17:35:56.715814	PROP-800	f	\N
8d1354a1-97d5-41d9-bd35-1c6cbb6324dd	Casa Moderna en Barrio Universitario	Hermosa casa de 3 dormitorios, amplio living comedor, cocina integrada y patio con parrilla. Excelente ubicación cerca de la universidad.	150000.00	USD	180	3	2	1	San Juan 450	-38.7051000	-62.2662000	{https://images.unsplash.com/photo-1568605114967-8130f3a36994?ixlib=rb-4.0.3&auto=format&fit=crop&w=800&q=80}	venta	t	t	536947b9-b9cd-4cf6-a495-48c375e5bc39	9e44e8e9-929e-433b-b5e4-26190fc142eb	8ecd2363-e0da-4c57-8aad-2cce1a1ec27a	2025-12-07 17:35:56.607022	2025-12-07 17:35:56.607022	PROP-15000	t	\N
4c71e25b-a55c-4489-ab3a-3d65bf20c49e	Departamento Céntrico 2 Ambientes	Departamento luminoso en pleno centro. Ideal estudiantes o inversión. Bajas expensas.	65000.00	USD	45	1	1	0	Chiclana 200	-38.7202000	-62.2618000	{https://images.unsplash.com/photo-1522708323590-d24dbb6b0267?ixlib=rb-4.0.3&auto=format&fit=crop&w=800&q=80}	venta	f	t	536947b9-b9cd-4cf6-a495-48c375e5bc39	9e44e8e9-929e-433b-b5e4-26190fc142eb	dac32135-c36c-4037-985a-efce15e0e7eb	2025-12-07 17:35:56.643877	2025-12-07 17:35:56.643877	PROP-65000	t	\N
4bda9bf7-e0fc-471e-a2b9-6777b0045ad0	Terreno en Monte Hermoso	Lote de 600m2 a 3 cuadras del mar. Zona residencial en crecimiento. Todos los servicios.	45000.00	USD	600	0	0	0	Las Dunas 100	-38.9867000	-61.2885000	{https://images.unsplash.com/photo-1500382017468-9049fed747ef?ixlib=rb-4.0.3&auto=format&fit=crop&w=800&q=80}	venta	t	t	536947b9-b9cd-4cf6-a495-48c375e5bc39	554ae0e3-dbbf-4eeb-a80e-471f979af407	b3a7d7ed-c4d3-43a2-9e13-a040f55efce2	2025-12-07 17:35:56.667635	2025-12-07 17:35:56.667635	PROP-45000	t	\N
b27056b9-83f1-4056-95e1-28c66e2b9436	Renovado Casa en Este	Excelente casa ubicado en calle Mitre al 577. Cuenta con 5 dormitorios y 4 baños. Muy luminoso y con excelente distribución. Oportunidad única en la zona.	109420.00	$	350	5	4	0	Mitre 577, Este	-34.6468779	-58.3922789	{https://images.unsplash.com/photo-1512917774080-9991f1c4c750?w=800&q=80,https://images.unsplash.com/photo-1613977257363-707ba9348227?w=800&q=80,https://images.unsplash.com/photo-1600210492486-724fe5c67fb0?w=800&q=80}	temporario	t	t	67fde727-2083-42ca-bde5-47c19c4df98b	\N	\N	2025-12-08 00:52:11.236258	2025-12-08 00:52:11.236258	PROP-56372	f	\N
ad1fb88f-e579-463d-90fa-bd9b2a4347bc	Increíble Departamento en Parque	Excelente departamento ubicado en calle Independencia al 5451. Cuenta con 1 dormitorios y 1 baños. Muy luminoso y con excelente distribución. Oportunidad única en la zona.	139190.00	USD	45	1	1	0	Independencia 5451, Parque	-34.6382423	-58.3316842	{https://images.unsplash.com/photo-1560448204-603b3fc33ddc?ixlib=rb-4.0.3&auto=format&fit=crop&w=800&q=80,https://images.unsplash.com/photo-1512917774080-9991f1c4c750?ixlib=rb-4.0.3&auto=format&fit=crop&w=800&q=80,https://images.unsplash.com/photo-1600596542815-2a4d04b28fe4?ixlib=rb-4.0.3&auto=format&fit=crop&w=800&q=80}	venta	f	t	536947b9-b9cd-4cf6-a495-48c375e5bc39	\N	\N	2025-12-08 00:52:11.28354	2025-12-08 00:52:11.28354	PROP-17095	f	\N
6e49fdbc-3abb-4941-bab0-f4b4054c1e31	Torre Mirador - En Pozo	Exclusivo proyecto de 15 pisos en pleno centro. Unidades de 1, 2 y 3 ambientes. Amenities completos: pileta, gym, SUM, parrillas. Entrega estimada: 24 meses. Financiación directa con la constructora.	810215.00	$	120	3	2	0	San Martin 3024, Parque	-34.5741873	-58.3849363	{https://images.unsplash.com/photo-1504307651254-35680f356dfd?w=800&q=80,https://images.unsplash.com/photo-1541888946425-d81bb19240f5?w=800&q=80,https://images.unsplash.com/photo-1503387762-592deb58ef4e?w=800&q=80}	alquiler	t	t	aaa6d892-5395-4d6d-810d-454e5d823c8c	\N	\N	2025-12-08 00:52:11.160831	2025-12-08 00:52:11.160831	PROP-40021	f	pozo
3cae9149-1b52-4098-bc97-fb3aabee5652	Alquiler Casa Quinta	Casa quinta para eventos o fin de semana. Pileta, quincho y amplio parque.	150000.00	ARS	1200	2	2	4	Aldea Romana	-38.6833000	-62.2167000	{https://images.unsplash.com/photo-1564013799919-ab600027ffc6?ixlib=rb-4.0.3&auto=format&fit=crop&w=800&q=80}	alquiler	t	t	536947b9-b9cd-4cf6-a495-48c375e5bc39	9e44e8e9-929e-433b-b5e4-26190fc142eb	8ecd2363-e0da-4c57-8aad-2cce1a1ec27a	2025-12-07 17:35:56.691383	2025-12-07 17:35:56.691383	PROP-15001	t	\N
389acc5f-8ff2-4be0-8df1-670a9f52aac8	Exclusivo Departamento en Norte	Excelente departamento ubicado en calle Mitre al 6337. Cuenta con 1 dormitorios y 1 baños. Muy luminoso y con excelente distribución. Oportunidad única en la zona.	355913.00	$	45	1	1	1	Mitre 6337, Norte	-34.5579748	-58.4235925	{https://images.unsplash.com/photo-1502672260266-1c1ef2d93688?w=800&q=80,https://images.unsplash.com/photo-1560448204-e02f11c3d0e2?w=800&q=80,https://images.unsplash.com/photo-1522708323590-d24dbb6b0267?w=800&q=80}	alquiler	t	t	e939cf9b-1768-4633-8603-f7e3e85a58c6	\N	\N	2025-12-08 00:52:11.259551	2025-12-08 00:52:11.259551	PROP-18338	t	\N
3d5e4f0b-d839-4055-bbbb-77558d984eb6	Moderno Departamento en Vista Alegre	Excelente departamento ubicado en calle Pueyrredon al 9477. Cuenta con 1 dormitorios y 1 baños. Muy luminoso y con excelente distribución. Oportunidad única en la zona.	724490.00	$	45	1	1	0	Pueyrredon 9477, Vista Alegre	-34.5895426	-58.3457738	{https://images.unsplash.com/photo-1560448204-603b3fc33ddc?ixlib=rb-4.0.3&auto=format&fit=crop&w=800&q=80,https://images.unsplash.com/photo-1512917774080-9991f1c4c750?ixlib=rb-4.0.3&auto=format&fit=crop&w=800&q=80,https://images.unsplash.com/photo-1600596542815-2a4d04b28fe4?ixlib=rb-4.0.3&auto=format&fit=crop&w=800&q=80}	alquiler	f	t	536947b9-b9cd-4cf6-a495-48c375e5bc39	\N	\N	2025-12-08 00:52:11.386892	2025-12-08 00:52:11.386892	PROP-50118	t	\N
f61670be-6f4a-41d4-b6ce-1edf1b3bbfec	Moderno Departamento en Los Troncos	Excelente departamento ubicado en calle Mitre al 534. Cuenta con 3 dormitorios y 2 baños. Muy luminoso y con excelente distribución. Oportunidad única en la zona.	317387.00	USD	90	3	2	0	Mitre 534, Los Troncos	-34.6176085	-58.3968268	{https://images.unsplash.com/photo-1560448204-603b3fc33ddc?ixlib=rb-4.0.3&auto=format&fit=crop&w=800&q=80,https://images.unsplash.com/photo-1512917774080-9991f1c4c750?ixlib=rb-4.0.3&auto=format&fit=crop&w=800&q=80,https://images.unsplash.com/photo-1600596542815-2a4d04b28fe4?ixlib=rb-4.0.3&auto=format&fit=crop&w=800&q=80}	venta	f	t	e939cf9b-1768-4633-8603-f7e3e85a58c6	\N	\N	2025-12-08 00:52:11.471783	2025-12-08 00:52:11.471783	PROP-33327	f	\N
526f2e9f-a9a8-42d5-ada3-a409d71969e5	Moderno Departamento en Playa Grande	Excelente departamento ubicado en calle Alberdi al 7549. Cuenta con 1 dormitorios y 1 baños. Muy luminoso y con excelente distribución. Oportunidad única en la zona.	410623.00	USD	45	1	1	1	Alberdi 7549, Playa Grande	-34.6036946	-58.3978052	{https://images.unsplash.com/photo-1560448204-603b3fc33ddc?ixlib=rb-4.0.3&auto=format&fit=crop&w=800&q=80,https://images.unsplash.com/photo-1512917774080-9991f1c4c750?ixlib=rb-4.0.3&auto=format&fit=crop&w=800&q=80,https://images.unsplash.com/photo-1600596542815-2a4d04b28fe4?ixlib=rb-4.0.3&auto=format&fit=crop&w=800&q=80}	venta	f	t	536947b9-b9cd-4cf6-a495-48c375e5bc39	\N	\N	2025-12-08 00:52:11.498191	2025-12-08 00:52:11.498191	PROP-13440	f	\N
1ba7302a-2615-4c6b-a8ed-9b5d3acf5470	Residencial Vista Park - Terminado	Edificio premium terminado y listo para habitar. Últimas unidades disponibles. Departamentos de 1 a 4 ambientes con vista al parque. Cochera y baulera incluidas. Escritura inmediata.	379332.00	USD	45	1	1	0	Urquiza 4881, Norte	-34.5720170	-58.3642830	{https://images.unsplash.com/photo-1486325212027-8081e485255e?w=800&q=80,https://images.unsplash.com/photo-1545324418-cc1a3fa10c00?w=800&q=80,https://images.unsplash.com/photo-1460317442991-0ec209397118?w=800&q=80}	venta	t	t	aaa6d892-5395-4d6d-810d-454e5d823c8c	\N	\N	2025-12-08 00:52:11.413498	2025-12-08 00:52:11.413498	PROP-19083	f	terminado
6554cbe6-7da6-4f7d-b51d-1cfddd276f72	Renovado Departamento en Oeste	Excelente departamento ubicado en calle Alberdi al 8193. Cuenta con 3 dormitorios y 2 baños. Muy luminoso y con excelente distribución. Oportunidad única en la zona.	330418.00	USD	90	3	2	0	Alberdi 8193, Oeste	-34.6024522	-58.3580179	{https://images.unsplash.com/photo-1493809842364-78817add7ffb?w=800&q=80,https://images.unsplash.com/photo-1560185007-cde436f6a4d0?w=800&q=80,https://images.unsplash.com/photo-1560185008-b033106af5c3?w=800&q=80}	venta	t	t	67fde727-2083-42ca-bde5-47c19c4df98b	\N	\N	2025-12-08 00:52:11.54729	2025-12-08 00:52:11.54729	PROP-36388	f	\N
105693ef-6576-42da-8d18-2bbbf19cb5be	Elegante Departamento en Los Troncos	Excelente departamento ubicado en calle Lavalle al 1398. Cuenta con 1 dormitorios y 1 baños. Muy luminoso y con excelente distribución. Oportunidad única en la zona.	366387.00	USD	45	1	1	0	Lavalle 1398, Los Troncos	-34.5546843	-58.3687691	{https://images.unsplash.com/photo-1545324418-cc1a3fa10c00?w=800&q=80,https://images.unsplash.com/photo-1512918728675-ed5a9ecdebfd?w=800&q=80,https://images.unsplash.com/photo-1515263487990-61b07816b324?w=800&q=80}	venta	t	t	67fde727-2083-42ca-bde5-47c19c4df98b	\N	\N	2025-12-08 00:52:11.449066	2025-12-08 00:52:11.449066	PROP-49722	f	\N
c4ff14c7-b4d9-4293-975b-29fa33f44d28	Increíble Departamento en Este	Excelente departamento ubicado en calle Moreno al 4496. Cuenta con 3 dormitorios y 2 baños. Muy luminoso y con excelente distribución. Oportunidad única en la zona.	42493.00	$	90	3	2	1	Moreno 4496, Este	-34.5775841	-58.3471702	{https://images.unsplash.com/photo-1484154218962-a197022b5858?w=800&q=80,https://images.unsplash.com/photo-1536376072261-38c75010e6c9?w=800&q=80,https://images.unsplash.com/photo-1560185127-6ed189bf02f4?w=800&q=80}	temporario	t	t	e939cf9b-1768-4633-8603-f7e3e85a58c6	\N	\N	2025-12-08 00:52:11.362657	2025-12-08 00:52:11.362657	PROP-81628	t	\N
1ec3d4f9-54a0-4eea-83f3-d79e51740278	Moderno PH en Altos	Excelente ph ubicado en calle Belgrano al 1733. Cuenta con 2 dormitorios y 1 baños. Muy luminoso y con excelente distribución. Oportunidad única en la zona.	87025.00	$	70	2	1	1	Belgrano 1733, Altos	-34.5985495	-58.3890173	{https://images.unsplash.com/photo-1600047509358-9dc75507daeb?w=800&q=80,https://images.unsplash.com/photo-1600566752734-2a0cd66c42b9?w=800&q=80,https://images.unsplash.com/photo-1600210491369-e753d80a41f3?w=800&q=80}	temporario	t	t	67fde727-2083-42ca-bde5-47c19c4df98b	\N	\N	2025-12-08 00:52:11.338711	2025-12-08 00:52:11.338711	PROP-23861	t	\N
8a68cbe1-f8cc-41c1-babf-ef266493e966	Luminoso PH en Parque	Excelente ph ubicado en calle Pueyrredon al 6857. Cuenta con 2 dormitorios y 1 baños. Muy luminoso y con excelente distribución. Oportunidad única en la zona.	251529.00	USD	70	2	1	1	Pueyrredon 6857, Parque	-34.6507562	-58.4100958	{https://images.unsplash.com/photo-1560448204-603b3fc33ddc?ixlib=rb-4.0.3&auto=format&fit=crop&w=800&q=80,https://images.unsplash.com/photo-1512917774080-9991f1c4c750?ixlib=rb-4.0.3&auto=format&fit=crop&w=800&q=80,https://images.unsplash.com/photo-1600596542815-2a4d04b28fe4?ixlib=rb-4.0.3&auto=format&fit=crop&w=800&q=80}	venta	f	t	67fde727-2083-42ca-bde5-47c19c4df98b	\N	\N	2025-12-08 00:52:11.522819	2025-12-08 00:52:11.522819	PROP-58618	f	\N
59db8b39-ab71-4915-94d6-1f6d37f23ab7	Oportunidad Casa en Jardines	Excelente casa ubicado en calle Rivadavia al 5866. Cuenta con 4 dormitorios y 3 baños. Muy luminoso y con excelente distribución. Oportunidad única en la zona.	191497.00	USD	200	4	3	0	Rivadavia 5866, Jardines	-34.5892900	-58.3509440	{https://images.unsplash.com/photo-1560448204-603b3fc33ddc?ixlib=rb-4.0.3&auto=format&fit=crop&w=800&q=80,https://images.unsplash.com/photo-1512917774080-9991f1c4c750?ixlib=rb-4.0.3&auto=format&fit=crop&w=800&q=80,https://images.unsplash.com/photo-1600596542815-2a4d04b28fe4?ixlib=rb-4.0.3&auto=format&fit=crop&w=800&q=80}	venta	f	t	67fde727-2083-42ca-bde5-47c19c4df98b	\N	\N	2025-12-08 00:52:11.642249	2025-12-08 00:52:11.642249	PROP-98620	t	\N
7622d2a7-4647-45da-b574-018d81b0cd31	Increíble Casa en Vista Alegre	Excelente casa ubicado en calle Colon al 8341. Cuenta con 4 dormitorios y 3 baños. Muy luminoso y con excelente distribución. Oportunidad única en la zona.	143944.00	$	200	4	3	1	Colon 8341, Vista Alegre	-34.6040659	-58.3539072	{https://images.unsplash.com/photo-1560448204-603b3fc33ddc?ixlib=rb-4.0.3&auto=format&fit=crop&w=800&q=80,https://images.unsplash.com/photo-1512917774080-9991f1c4c750?ixlib=rb-4.0.3&auto=format&fit=crop&w=800&q=80,https://images.unsplash.com/photo-1600596542815-2a4d04b28fe4?ixlib=rb-4.0.3&auto=format&fit=crop&w=800&q=80}	temporario	f	t	e939cf9b-1768-4633-8603-f7e3e85a58c6	\N	\N	2025-12-08 00:52:11.665039	2025-12-08 00:52:11.665039	PROP-61223	f	\N
94cab47e-b11a-4fbb-9f6f-8c49ab2963ac	Renovado Departamento en Este	Excelente departamento ubicado en calle Alvear al 4800. Cuenta con 1 dormitorios y 1 baños. Muy luminoso y con excelente distribución. Oportunidad única en la zona.	135246.00	USD	45	1	1	1	Alvear 4800, Este	-34.5810795	-58.3577791	{https://images.unsplash.com/photo-1560448204-603b3fc33ddc?ixlib=rb-4.0.3&auto=format&fit=crop&w=800&q=80,https://images.unsplash.com/photo-1512917774080-9991f1c4c750?ixlib=rb-4.0.3&auto=format&fit=crop&w=800&q=80,https://images.unsplash.com/photo-1600596542815-2a4d04b28fe4?ixlib=rb-4.0.3&auto=format&fit=crop&w=800&q=80}	venta	f	t	536947b9-b9cd-4cf6-a495-48c375e5bc39	\N	\N	2025-12-08 00:52:11.688271	2025-12-08 00:52:11.688271	PROP-92829	f	\N
433210b4-aed8-4131-afd0-0ea724fc87da	Hermoso Casa en Sur	Excelente casa ubicado en calle Libertad al 5620. Cuenta con 3 dormitorios y 2 baños. Muy luminoso y con excelente distribución. Oportunidad única en la zona.	95425.00	$	120	3	2	1	Libertad 5620, Sur	-34.6000329	-58.4198698	{https://images.unsplash.com/photo-1560448204-603b3fc33ddc?ixlib=rb-4.0.3&auto=format&fit=crop&w=800&q=80,https://images.unsplash.com/photo-1512917774080-9991f1c4c750?ixlib=rb-4.0.3&auto=format&fit=crop&w=800&q=80,https://images.unsplash.com/photo-1600596542815-2a4d04b28fe4?ixlib=rb-4.0.3&auto=format&fit=crop&w=800&q=80}	temporario	f	t	67fde727-2083-42ca-bde5-47c19c4df98b	\N	\N	2025-12-08 00:52:11.740392	2025-12-08 00:52:11.740392	PROP-46386	f	\N
5a5d84e9-3ef7-4844-a405-f9bcc9a7b6b5	Exclusivo Departamento en Centro	Excelente departamento ubicado en calle Sarmiento al 5907. Cuenta con 2 dormitorios y 1 baños. Muy luminoso y con excelente distribución. Oportunidad única en la zona.	432024.00	USD	60	2	1	0	Sarmiento 5907, Centro	-34.6268858	-58.3884429	{https://images.unsplash.com/photo-1560448204-603b3fc33ddc?ixlib=rb-4.0.3&auto=format&fit=crop&w=800&q=80,https://images.unsplash.com/photo-1512917774080-9991f1c4c750?ixlib=rb-4.0.3&auto=format&fit=crop&w=800&q=80,https://images.unsplash.com/photo-1600596542815-2a4d04b28fe4?ixlib=rb-4.0.3&auto=format&fit=crop&w=800&q=80}	venta	f	t	536947b9-b9cd-4cf6-a495-48c375e5bc39	\N	\N	2025-12-08 00:52:11.786994	2025-12-08 00:52:11.786994	PROP-98719	f	\N
24cd6d1b-e540-446c-9fba-09cf6958f736	Moderno PH en Este	Excelente ph ubicado en calle Mitre al 6359. Cuenta con 2 dormitorios y 1 baños. Muy luminoso y con excelente distribución. Oportunidad única en la zona.	350102.00	USD	70	2	1	1	Mitre 6359, Este	-34.6393180	-58.3636263	{https://images.unsplash.com/photo-1600607687644-c7171b42498f?w=800&q=80,https://images.unsplash.com/photo-1600566753086-00f18fb6b3ea?w=800&q=80,https://images.unsplash.com/photo-1600585154526-990dced4db0d?w=800&q=80}	venta	t	t	e939cf9b-1768-4633-8603-f7e3e85a58c6	\N	\N	2025-12-08 00:52:11.763344	2025-12-08 00:52:11.763344	PROP-96224	f	\N
9003a20f-0527-4224-832b-c32f315b6aeb	Renovado PH en Parque	Excelente ph ubicado en calle Lavalle al 7826. Cuenta con 2 dormitorios y 1 baños. Muy luminoso y con excelente distribución. Oportunidad única en la zona.	42103.00	$	70	2	1	0	Lavalle 7826, Parque	-34.6413183	-58.3550576	{https://images.unsplash.com/photo-1600573472592-401b489a3cdc?w=800&q=80,https://images.unsplash.com/photo-1600566752355-35792bedcfea?w=800&q=80,https://images.unsplash.com/photo-1600585152220-90363fe7e115?w=800&q=80}	temporario	t	t	536947b9-b9cd-4cf6-a495-48c375e5bc39	\N	\N	2025-12-08 00:52:11.596216	2025-12-08 00:52:11.596216	PROP-28150	f	\N
8e1adbae-21cc-42ac-a5e6-1c031dd28069	Luminoso Departamento en Altos	Excelente departamento ubicado en calle Urquiza al 9158. Cuenta con 3 dormitorios y 2 baños. Muy luminoso y con excelente distribución. Oportunidad única en la zona.	821386.00	$	90	3	2	0	Urquiza 9158, Altos	-34.5654535	-58.3578306	{https://images.unsplash.com/photo-1560448204-603b3fc33ddc?ixlib=rb-4.0.3&auto=format&fit=crop&w=800&q=80,https://images.unsplash.com/photo-1512917774080-9991f1c4c750?ixlib=rb-4.0.3&auto=format&fit=crop&w=800&q=80,https://images.unsplash.com/photo-1600596542815-2a4d04b28fe4?ixlib=rb-4.0.3&auto=format&fit=crop&w=800&q=80}	alquiler	f	t	67fde727-2083-42ca-bde5-47c19c4df98b	\N	\N	2025-12-08 00:52:11.619381	2025-12-08 00:52:11.619381	PROP-61051	f	\N
5efb58dc-b1b7-49aa-8c61-5d6f3fe83d11	Renovado Casa en Sur	Excelente casa ubicado en calle Libertad al 2100. Cuenta con 5 dormitorios y 4 baños. Muy luminoso y con excelente distribución. Oportunidad única en la zona.	585865.00	$	350	5	4	0	Libertad 2100, Sur	-34.6277796	-58.3995484	{https://images.unsplash.com/photo-1560448204-603b3fc33ddc?ixlib=rb-4.0.3&auto=format&fit=crop&w=800&q=80,https://images.unsplash.com/photo-1512917774080-9991f1c4c750?ixlib=rb-4.0.3&auto=format&fit=crop&w=800&q=80,https://images.unsplash.com/photo-1600596542815-2a4d04b28fe4?ixlib=rb-4.0.3&auto=format&fit=crop&w=800&q=80}	alquiler	f	t	67fde727-2083-42ca-bde5-47c19c4df98b	\N	\N	2025-12-08 00:52:11.711229	2025-12-08 00:52:11.711229	PROP-89041	t	\N
c95743a8-c26e-42e1-8dec-875f9f9767cf	Hermoso PH en Este	Excelente ph ubicado en calle Lavalle al 2667. Cuenta con 2 dormitorios y 1 baños. Muy luminoso y con excelente distribución. Oportunidad única en la zona.	99058.00	$	70	2	1	0	Lavalle 2667, Este	-34.5643628	-58.4219056	{https://images.unsplash.com/photo-1560448204-603b3fc33ddc?ixlib=rb-4.0.3&auto=format&fit=crop&w=800&q=80,https://images.unsplash.com/photo-1512917774080-9991f1c4c750?ixlib=rb-4.0.3&auto=format&fit=crop&w=800&q=80,https://images.unsplash.com/photo-1600596542815-2a4d04b28fe4?ixlib=rb-4.0.3&auto=format&fit=crop&w=800&q=80}	temporario	f	t	e939cf9b-1768-4633-8603-f7e3e85a58c6	\N	\N	2025-12-08 00:52:11.857478	2025-12-08 00:52:11.857478	PROP-20720	t	\N
bf79b5dd-3d5a-48b9-99d8-5b575eba80f3	Hermoso Casa en Norte	Excelente casa ubicado en calle Rivadavia al 8351. Cuenta con 5 dormitorios y 4 baños. Muy luminoso y con excelente distribución. Oportunidad única en la zona.	99024.00	USD	350	5	4	0	Rivadavia 8351, Norte	-34.6350611	-58.4044580	{https://images.unsplash.com/photo-1560448204-603b3fc33ddc?ixlib=rb-4.0.3&auto=format&fit=crop&w=800&q=80,https://images.unsplash.com/photo-1512917774080-9991f1c4c750?ixlib=rb-4.0.3&auto=format&fit=crop&w=800&q=80,https://images.unsplash.com/photo-1600596542815-2a4d04b28fe4?ixlib=rb-4.0.3&auto=format&fit=crop&w=800&q=80}	venta	f	t	67fde727-2083-42ca-bde5-47c19c4df98b	\N	\N	2025-12-08 00:52:11.927624	2025-12-08 00:52:11.927624	PROP-68345	f	\N
e92396b9-409c-4991-84b9-f5e082907886	Acogedor Departamento en Norte	Excelente departamento ubicado en calle Mitre al 9282. Cuenta con 3 dormitorios y 2 baños. Muy luminoso y con excelente distribución. Oportunidad única en la zona.	140775.00	$	90	3	2	1	Mitre 9282, Norte	-34.6083753	-58.3333229	{https://images.unsplash.com/photo-1502672260266-1c1ef2d93688?w=800&q=80,https://images.unsplash.com/photo-1560448204-e02f11c3d0e2?w=800&q=80,https://images.unsplash.com/photo-1522708323590-d24dbb6b0267?w=800&q=80}	temporario	t	t	67fde727-2083-42ca-bde5-47c19c4df98b	\N	\N	2025-12-08 00:52:11.834005	2025-12-08 00:52:11.834005	PROP-84363	t	\N
08855741-cf05-4392-b840-95071887f070	Las Lomas Country	Exclusiva propiedad en Las Lomas Country. Amplio lote con casa principal, pileta, quincho y seguridad 24hs. Ideal para familias que buscan tranquilidad y naturaleza cerca de la ciudad.	473271.00	USD	1712	3	4	1	Lote 11, Las Lomas Country	-34.7570415	-58.5741003	{https://images.unsplash.com/photo-1600585154363-67eb9e2e2099?w=800&q=80,https://images.unsplash.com/photo-1600573472550-8090b5e0745e?w=800&q=80,https://images.unsplash.com/photo-1600210492493-0946911123ea?w=800&q=80}	venta	t	t	e939cf9b-1768-4633-8603-f7e3e85a58c6	\N	83006202-b65f-44e2-a8fc-645eb08b27d4	2025-12-10 04:24:28.642363	2025-12-10 04:24:28.642363	CTRY-23534	f	\N
9a19c932-7844-447d-ad0f-6319e5ee58f7	El Remanso	Exclusiva propiedad en El Remanso. Amplio lote con casa principal, pileta, quincho y seguridad 24hs. Ideal para familias que buscan tranquilidad y naturaleza cerca de la ciudad.	373046.00	USD	1406	5	3	1	Lote 12, El Remanso	-34.6637856	-58.4158102	{https://images.unsplash.com/photo-1600596542815-ffad4c1539a9?w=800&q=80,https://images.unsplash.com/photo-1600585154340-be6161a56a0c?w=800&q=80,https://images.unsplash.com/photo-1600047509807-ba8f99d2cdde?w=800&q=80}	venta	t	t	536947b9-b9cd-4cf6-a495-48c375e5bc39	\N	83006202-b65f-44e2-a8fc-645eb08b27d4	2025-12-10 04:24:28.666052	2025-12-10 04:24:28.666052	CTRY-11138	t	\N
47fcc258-9d4b-4646-ab5d-2af1f6390b49	Altos del Sol	Exclusiva propiedad en Altos del Sol. Amplio lote con casa principal, pileta, quincho y seguridad 24hs. Ideal para familias que buscan tranquilidad y naturaleza cerca de la ciudad.	750857.00	USD	2211	3	4	1	Lote 10, Altos del Sol	-34.5710035	-58.5060842	{https://images.unsplash.com/photo-1613490493576-7fde63acd811?w=800&q=80,https://images.unsplash.com/photo-1600566753190-17f0baa2a6c3?w=800&q=80,https://images.unsplash.com/photo-1600585154526-990dced4db0d?w=800&q=80}	venta	t	t	67fde727-2083-42ca-bde5-47c19c4df98b	\N	83006202-b65f-44e2-a8fc-645eb08b27d4	2025-12-10 04:24:28.563426	2025-12-10 04:24:28.563426	CTRY-54309	t	\N
8306fa22-2272-4ed0-87dd-207a15b91fa6	Exclusivo PH en Este	Excelente ph ubicado en calle Rivadavia al 6122. Cuenta con 2 dormitorios y 1 baños. Muy luminoso y con excelente distribución. Oportunidad única en la zona.	130816.00	$	70	2	1	0	Rivadavia 6122, Este	-34.6153121	-58.3914625	{https://images.unsplash.com/photo-1560448204-603b3fc33ddc?ixlib=rb-4.0.3&auto=format&fit=crop&w=800&q=80,https://images.unsplash.com/photo-1512917774080-9991f1c4c750?ixlib=rb-4.0.3&auto=format&fit=crop&w=800&q=80,https://images.unsplash.com/photo-1600596542815-2a4d04b28fe4?ixlib=rb-4.0.3&auto=format&fit=crop&w=800&q=80}	temporario	f	t	67fde727-2083-42ca-bde5-47c19c4df98b	\N	\N	2025-12-08 00:52:11.810525	2025-12-08 00:52:11.810525	PROP-69356	f	\N
54de0d79-e63b-44eb-a5db-2b21ea6c0e6c	Elegante Casa en Centro	Excelente casa ubicado en calle Belgrano al 4453. Cuenta con 4 dormitorios y 3 baños. Muy luminoso y con excelente distribución. Oportunidad única en la zona.	579586.00	$	200	4	3	0	Belgrano 4453, Centro	-34.5743228	-58.3590165	{https://images.unsplash.com/photo-1605276374104-dee2a0ed3cd6?w=800&q=80,https://images.unsplash.com/photo-1600047509807-ba8f99d2cdde?w=800&q=80,https://images.unsplash.com/photo-1583608205776-bfd35f0d9f83?w=800&q=80}	alquiler	t	t	67fde727-2083-42ca-bde5-47c19c4df98b	\N	\N	2025-12-08 00:52:11.904704	2025-12-08 00:52:11.904704	PROP-44136	t	\N
937acb2e-9848-4c4b-a18f-3442c247c9a0	Edificio Altos del Puerto - En Construcción	Moderno edificio de categoría en zona puerto. 8 pisos, departamentos de 2 y 3 ambientes con balcón terraza. Avance de obra: 60%. Cocheras disponibles. Entrega: 12 meses.	622861.00	$	350	5	4	0	Independencia 3608, Parque	-34.5564411	-58.4024929	{https://images.unsplash.com/photo-1517581177682-a085bb7ffb15?w=800&q=80,https://images.unsplash.com/photo-1590644365607-1c5a8a914d15?w=800&q=80,https://images.unsplash.com/photo-1621929747188-0b4dc28498d2?w=800&q=80}	alquiler	t	t	aaa6d892-5395-4d6d-810d-454e5d823c8c	\N	\N	2025-12-08 00:52:11.312322	2025-12-08 00:52:11.312322	PROP-65564	f	construccion
3769fec2-c4e5-4614-b5e4-edbb4cc21cbe	Terrazas del Norte	Exclusiva propiedad en Terrazas del Norte. Amplio lote con casa principal, pileta, quincho y seguridad 24hs. Ideal para familias que buscan tranquilidad y naturaleza cerca de la ciudad.	329466.00	USD	531	4	3	1	Lote 15, Terrazas del Norte	-34.5156271	-58.4354232	{https://images.unsplash.com/photo-1600596542815-ffad4c1539a9?w=800&q=80,https://images.unsplash.com/photo-1600585154340-be6161a56a0c?w=800&q=80,https://images.unsplash.com/photo-1600047509807-ba8f99d2cdde?w=800&q=80}	venta	t	t	e939cf9b-1768-4633-8603-f7e3e85a58c6	\N	83006202-b65f-44e2-a8fc-645eb08b27d4	2025-12-10 04:24:28.738468	2025-12-10 04:24:28.738468	CTRY-21586	f	\N
727c3d22-0658-4ab5-b03c-3961878320ca	Los Robles Barrio Privado	Exclusiva propiedad en Los Robles Barrio Privado. Amplio lote con casa principal, pileta, quincho y seguridad 24hs. Ideal para familias que buscan tranquilidad y naturaleza cerca de la ciudad.	553600.00	USD	1182	3	4	3	Lote 14, Los Robles Barrio Privado	-34.5462206	-58.5709463	{https://images.unsplash.com/photo-1613490493576-7fde63acd811?w=800&q=80,https://images.unsplash.com/photo-1600566753190-17f0baa2a6c3?w=800&q=80,https://images.unsplash.com/photo-1600585154526-990dced4db0d?w=800&q=80}	venta	t	t	67fde727-2083-42ca-bde5-47c19c4df98b	\N	83006202-b65f-44e2-a8fc-645eb08b27d4	2025-12-10 04:24:28.715021	2025-12-10 04:24:28.715021	CTRY-69629	t	\N
376fbb6b-d947-46b6-8d97-c914c27022c6	San Marcos Village	Exclusiva propiedad en San Marcos Village. Amplio lote con casa principal, pileta, quincho y seguridad 24hs. Ideal para familias que buscan tranquilidad y naturaleza cerca de la ciudad.	208030.00	USD	1097	4	2	3	Lote 13, San Marcos Village	-34.6545286	-58.5783189	{https://images.unsplash.com/photo-1580587771525-78b9dba3b914?w=800&q=80,https://images.unsplash.com/photo-1600607687939-ce8a6c25118c?w=800&q=80,https://images.unsplash.com/photo-1600566753086-00f18fb6b3ea?w=800&q=80}	venta	t	t	31b880a5-6481-43b9-9db1-914cd5031f44	\N	83006202-b65f-44e2-a8fc-645eb08b27d4	2025-12-10 04:24:28.689627	2025-12-10 04:24:28.689627	CTRY-28620	f	\N
93493553-a208-40c2-91f9-475bc7a015ed	Finca San Antonio	Finca San Antonio - 7518 hectáreas de campo productivo. Excelente tierra para agricultura o ganadería. Incluye casco de estancia, galpones y acceso a ruta pavimentada.	319584.00	USD	7518	5	1	2	Ruta 37 Km 50	-38.2450939	-62.6007628	{https://images.unsplash.com/photo-1500382017468-9049fed747ef?w=800&q=80,https://images.unsplash.com/photo-1625246333195-78d9c38ad449?w=800&q=80,https://images.unsplash.com/photo-1500076656116-558758c991c1?w=800&q=80}	venta	t	t	e939cf9b-1768-4633-8603-f7e3e85a58c6	\N	a5963624-27cc-4779-8eb8-a16a1e787b95	2025-12-10 04:24:28.878865	2025-12-10 04:24:28.878865	CAMP-21683	f	\N
121805f1-94a5-4a2f-a3e6-85f798a0ec82	Estancia La Esperanza	Estancia La Esperanza - 51317 hectáreas de campo productivo. Excelente tierra para agricultura o ganadería. Incluye casco de estancia, galpones y acceso a ruta pavimentada.	457298.00	USD	51317	3	3	2	Ruta 22 Km 75	-39.4504095	-61.3913142	{https://images.unsplash.com/photo-1464226184884-fa280b87c399?w=800&q=80,https://images.unsplash.com/photo-1416879595882-3373a0480b5b?w=800&q=80,https://images.unsplash.com/photo-1500651230702-0e2d8a49d4ad?w=800&q=80}	venta	t	t	31b880a5-6481-43b9-9db1-914cd5031f44	\N	a5963624-27cc-4779-8eb8-a16a1e787b95	2025-12-10 04:24:28.83264	2025-12-10 04:24:28.83264	CAMP-51154	f	\N
b715eb2e-f9fc-4fec-a4a4-3342e50454c3	Chacra El Recuerdo	Chacra El Recuerdo - 27038 hectáreas de campo productivo. Excelente tierra para agricultura o ganadería. Incluye casco de estancia, galpones y acceso a ruta pavimentada.	152940.00	USD	27038	5	2	2	Ruta 6 Km 27	-39.2281234	-63.4463694	{https://images.unsplash.com/photo-1595356700395-6f14b5c1f33f?w=800&q=80,https://images.unsplash.com/photo-1500259571355-332da5cb07aa?w=800&q=80,https://images.unsplash.com/photo-1444858291040-58f756a3bdd6?w=800&q=80}	venta	t	t	536947b9-b9cd-4cf6-a495-48c375e5bc39	\N	a5963624-27cc-4779-8eb8-a16a1e787b95	2025-12-10 04:24:28.809317	2025-12-10 04:24:28.809317	CAMP-66166	f	\N
36ccafba-e1af-467d-a7dc-29b029d55625	Campo Los Álamos	Campo Los Álamos - 36769 hectáreas de campo productivo. Excelente tierra para agricultura o ganadería. Incluye casco de estancia, galpones y acceso a ruta pavimentada.	454863.00	USD	36769	4	2	2	Ruta 8 Km 91	-37.6743719	-60.5432753	{https://images.unsplash.com/photo-1560493676-04071c5f467b?w=800&q=80,https://images.unsplash.com/photo-1628624747186-a941c476b7ef?w=800&q=80,https://images.unsplash.com/photo-1501785888041-af3ef285b470?w=800&q=80}	venta	t	t	e939cf9b-1768-4633-8603-f7e3e85a58c6	\N	a5963624-27cc-4779-8eb8-a16a1e787b95	2025-12-10 04:24:28.785803	2025-12-10 04:24:28.785803	CAMP-60666	f	\N
15a5e3e4-1423-4d2c-9af9-f22cf6f8244b	Estancia Santa María	Estancia Santa María - 29804 hectáreas de campo productivo. Excelente tierra para agricultura o ganadería. Incluye casco de estancia, galpones y acceso a ruta pavimentada.	410968.00	USD	29804	4	1	2	Ruta 14 Km 14	-38.1089964	-61.6235513	{https://images.unsplash.com/photo-1559827260-dc66d52bef19?w=800&q=80,https://images.unsplash.com/photo-1548407260-da850faa41e3?w=800&q=80,https://images.unsplash.com/photo-1500530855697-b586d89ba3ee?w=800&q=80}	venta	t	t	67fde727-2083-42ca-bde5-47c19c4df98b	\N	a5963624-27cc-4779-8eb8-a16a1e787b95	2025-12-10 04:24:28.762271	2025-12-10 04:24:28.762271	CAMP-78130	f	\N
90c4e596-9219-42b4-b2cd-47aef37bbfad	Campo Verde	Campo Verde - 23898 hectáreas de campo productivo. Excelente tierra para agricultura o ganadería. Incluye casco de estancia, galpones y acceso a ruta pavimentada.	526324.00	USD	23898	4	2	2	Ruta 44 Km 81	-38.2988343	-63.4297491	{https://images.unsplash.com/photo-1500382017468-9049fed747ef?w=800&q=80,https://images.unsplash.com/photo-1625246333195-78d9c38ad449?w=800&q=80,https://images.unsplash.com/photo-1500076656116-558758c991c1?w=800&q=80}	venta	t	t	67fde727-2083-42ca-bde5-47c19c4df98b	\N	a5963624-27cc-4779-8eb8-a16a1e787b95	2025-12-10 04:24:28.855797	2025-12-10 04:24:28.855797	CAMP-53343	f	\N
70bb60d9-5e47-4851-9763-20000f181772	Hermoso Casa en Parque	Excelente casa ubicado en calle Alberdi al 2568. Cuenta con 4 dormitorios y 3 baños. Muy luminoso y con excelente distribución. Oportunidad única en la zona.	366468.00	USD	200	4	3	1	Alberdi 2568, Parque	-34.6237097	-58.3784215	{https://images.unsplash.com/photo-1564013799919-ab600027ffc6?w=800&q=80,https://images.unsplash.com/photo-1600585154340-be6161a56a0c?w=800&q=80,https://images.unsplash.com/photo-1600596542815-ffad4c1539a9?w=800&q=80}	venta	t	t	536947b9-b9cd-4cf6-a495-48c375e5bc39	\N	\N	2025-12-08 00:52:11.880692	2025-12-08 00:52:11.880692	PROP-19449	f	\N
772c9bfe-e451-4548-9555-da006365358c	Acogedor Casa en Jardines	Excelente casa ubicado en calle Independencia al 5632. Cuenta con 3 dormitorios y 2 baños. Muy luminoso y con excelente distribución. Oportunidad única en la zona.	114511.00	$	120	3	2	1	Independencia 5632, Jardines	-34.5587661	-58.3754663	{https://images.unsplash.com/photo-1600566753190-17f0baa2a6c3?w=800&q=80,https://images.unsplash.com/photo-1600573472550-8090b5e0745e?w=800&q=80,https://images.unsplash.com/photo-1600607687939-ce8a6c25118c?w=800&q=80}	temporario	t	t	e939cf9b-1768-4633-8603-f7e3e85a58c6	\N	\N	2025-12-08 00:52:11.572913	2025-12-08 00:52:11.572913	PROP-66979	f	\N
\.


ALTER TABLE public.properties ENABLE TRIGGER ALL;

--
-- Data for Name: sessions; Type: TABLE DATA; Schema: public; Owner: -
--

ALTER TABLE public.sessions DISABLE TRIGGER ALL;

COPY public.sessions (sid, sess, expire) FROM stdin;
4nNlp7MNtNd_5MwmqlppBwObAbfQTsaH	{"cookie": {"path": "/", "secure": true, "expires": "2025-12-12T21:51:21.882Z", "httpOnly": true, "originalMaxAge": 604800000}, "replit.com": {"code_verifier": "OHkKiNvk_THrUsB0nLtWUg17wgDYBG39N9aQjG4BWz0"}}	2025-12-12 21:51:22
5R76Pqy8VHKEL5flLvS-UNfWI36Ml2DZ	{"cookie": {"path": "/", "secure": true, "expires": "2025-12-13T01:53:15.921Z", "httpOnly": true, "originalMaxAge": 604799999}, "passport": {"user": {"claims": {"exp": 1765590795, "sub": "test-admin-user", "email": "test@inmogestion.com", "last_name": "Test", "first_name": "Admin"}, "expires_at": 1765590795}}}	2025-12-13 01:53:16
qxjShnPEfeZT374N8DHCFUaHOxSe0lc5	{"cookie": {"path": "/", "secure": true, "expires": "2025-12-17T03:58:12.396Z", "httpOnly": true, "originalMaxAge": 604800000}, "passport": {"user": {"claims": {"exp": 1765943892, "sub": "test-admin-user", "email": "test@inmogestion.com", "last_name": "Test", "first_name": "Admin"}, "expires_at": 1765943892}}}	2025-12-17 03:58:13
d2_jzma8U2A_3GacirSWFoWoE2cnGp-F	{"cookie": {"path": "/", "secure": true, "expires": "2025-12-09T23:26:11.314Z", "httpOnly": true, "originalMaxAge": 604800000}, "passport": {"user": {"claims": {"exp": 1765322771, "sub": "test-admin-user", "email": "test@inmogestion.com", "last_name": "Test", "first_name": "Admin"}, "expires_at": 1765322771}}}	2025-12-16 22:56:40
S_7MplKGOmn3ZHMhfVblBrhVm2hjRnoD	{"cookie": {"path": "/", "secure": true, "expires": "2025-12-17T05:21:47.836Z", "httpOnly": true, "originalMaxAge": 604800000}, "passport": {"user": {"claims": {"exp": 1765948907, "sub": "test-admin-user", "email": "test@inmogestion.com", "last_name": "Test", "first_name": "Admin"}, "expires_at": 1765948907}}}	2025-12-17 05:58:13
ckDvmirl7FELEX3UcrG4MRIDVvICrmsu	{"cookie": {"path": "/", "secure": true, "expires": "2025-12-13T01:54:41.384Z", "httpOnly": true, "originalMaxAge": 604800000}, "passport": {"user": {"claims": {"exp": 1765590881, "sub": "test-admin-user", "email": "test@inmogestion.com", "last_name": "Test", "first_name": "Admin"}, "expires_at": 1765590881}}}	2025-12-13 02:19:43
eLwQthyUEXHaIQ-jQsKmuvSk_Vs3xwTa	{"cookie": {"path": "/", "secure": true, "expires": "2025-12-14T21:30:20.557Z", "httpOnly": true, "originalMaxAge": 604800000}, "passport": {"user": {"claims": {"exp": 1765747820, "sub": "test-admin-user", "email": "test@inmogestion.com", "last_name": "Test", "first_name": "Admin"}, "expires_at": 1765747820}}}	2025-12-14 21:52:09
_IMFqH0u3ObHUdFSkfwvdUHyVyaiqQxy	{"cookie": {"path": "/", "secure": true, "expires": "2025-12-17T03:58:27.951Z", "httpOnly": true, "originalMaxAge": 604800000}, "passport": {"user": {"claims": {"exp": 1765943907, "sub": "test-admin-user", "email": "test@inmogestion.com", "last_name": "Test", "first_name": "Admin"}, "expires_at": 1765943907}}}	2025-12-17 03:58:28
S22j1OK5uIyqWI0hU2S2h5KsuycQohW8	{"cookie": {"path": "/", "secure": true, "expires": "2025-12-16T23:58:49.582Z", "httpOnly": true, "originalMaxAge": 604800000}, "passport": {"user": {"claims": {"exp": 1765929529, "sub": "test-admin-user", "email": "test@inmogestion.com", "last_name": "Test", "first_name": "Admin"}, "expires_at": 1765929529}}}	2025-12-18 03:24:49
EhrjswvqUtWXdo9LVhNHfYF_V-DoGzAc	{"cookie": {"path": "/", "secure": true, "expires": "2025-12-13T01:53:31.257Z", "httpOnly": true, "originalMaxAge": 604800000}, "passport": {"user": {"claims": {"exp": 1765590811, "sub": "test-admin-user", "email": "test@inmogestion.com", "last_name": "Test", "first_name": "Admin"}, "expires_at": 1765590811}}}	2025-12-13 01:53:32
\.


ALTER TABLE public.sessions ENABLE TRIGGER ALL;

--
-- PostgreSQL database dump complete
--

\unrestrict Aix0nQAAjmrmKdDeR0rRB5UGIhgoIV3NgVPEVdcAMcZ5jEeRIvtCHEog4sEENmZ

